{
  "testId" : "1-mobilesale.gspec",
  "name" : "mobileSale.gspec",
  "report" : {
    "nodes" : [ {
      "name" : "Simple check",
      "status" : "info",
      "nodes" : [ {
        "name" : "check  mobileSale.gspec --url http://localhost/sale.html --size 600x600 --htmlreport izvjestaji",
        "status" : "info",
        "nodes" : [ {
          "name" : "Check layout: mobileSale.gspec included tags: ",
          "status" : "info",
          "time" : 1573661678316,
          "sections" : [ {
            "name" : "Meni section",
            "place" : {
              "filePath" : "mobileSale.gspec",
              "lineNumber" : 15
            },
            "objects" : [ {
              "name" : "meni",
              "specs" : [ {
                "status" : "info",
                "place" : {
                  "filePath" : "mobileSale.gspec",
                  "lineNumber" : 17
                },
                "name" : "centered horizontally inside screen 1px",
                "highlight" : [ "meni", "screen" ]
              }, {
                "status" : "info",
                "place" : {
                  "filePath" : "mobileSale.gspec",
                  "lineNumber" : 18
                },
                "name" : "inside screen",
                "meta" : [ ],
                "highlight" : [ "meni", "screen" ]
              }, {
                "status" : "info",
                "place" : {
                  "filePath" : "mobileSale.gspec",
                  "lineNumber" : 19
                },
                "name" : "height 200px",
                "meta" : [ {
                  "from" : {
                    "object" : "meni",
                    "edge" : "top"
                  },
                  "to" : {
                    "object" : "meni",
                    "edge" : "bottom"
                  },
                  "expectedDistance" : "200px",
                  "realDistance" : "200px"
                } ],
                "highlight" : [ "meni" ]
              } ]
            }, {
              "name" : "logo",
              "specs" : [ {
                "status" : "info",
                "place" : {
                  "filePath" : "mobileSale.gspec",
                  "lineNumber" : 21
                },
                "name" : "height 100px",
                "meta" : [ {
                  "from" : {
                    "object" : "logo",
                    "edge" : "top"
                  },
                  "to" : {
                    "object" : "logo",
                    "edge" : "bottom"
                  },
                  "expectedDistance" : "100px",
                  "realDistance" : "100px"
                } ],
                "highlight" : [ "logo" ]
              }, {
                "status" : "info",
                "place" : {
                  "filePath" : "mobileSale.gspec",
                  "lineNumber" : 22
                },
                "name" : "width 100px",
                "meta" : [ {
                  "from" : {
                    "object" : "logo",
                    "edge" : "left"
                  },
                  "to" : {
                    "object" : "logo",
                    "edge" : "right"
                  },
                  "expectedDistance" : "100px",
                  "realDistance" : "100px"
                } ],
                "highlight" : [ "logo" ]
              }, {
                "status" : "info",
                "place" : {
                  "filePath" : "mobileSale.gspec",
                  "lineNumber" : 23
                },
                "name" : "above meni -50px",
                "meta" : [ {
                  "from" : {
                    "object" : "logo",
                    "edge" : "bottom"
                  },
                  "to" : {
                    "object" : "meni",
                    "edge" : "top"
                  },
                  "expectedDistance" : "-50px",
                  "realDistance" : "-50px"
                } ],
                "highlight" : [ "logo", "meni" ]
              }, {
                "status" : "info",
                "place" : {
                  "filePath" : "mobileSale.gspec",
                  "lineNumber" : 24
                },
                "name" : "centered horizontally inside meni",
                "highlight" : [ "logo", "meni" ]
              } ]
            }, {
              "name" : "a",
              "specs" : [ {
                "status" : "info",
                "place" : {
                  "filePath" : "mobileSale.gspec",
                  "lineNumber" : 26
                },
                "name" : "css display is \"inline-block\"",
                "highlight" : [ "a" ]
              } ]
            }, {
              "name" : "li",
              "specs" : [ {
                "status" : "info",
                "place" : {
                  "filePath" : "mobileSale.gspec",
                  "lineNumber" : 28
                },
                "name" : "css display is \"block\"",
                "highlight" : [ "li" ]
              } ]
            } ]
          }, {
            "name" : "Main section",
            "place" : {
              "filePath" : "mobileSale.gspec",
              "lineNumber" : 29
            },
            "objects" : [ {
              "name" : "sadrzaj",
              "specs" : [ {
                "status" : "info",
                "place" : {
                  "filePath" : "mobileSale.gspec",
                  "lineNumber" : 31
                },
                "name" : "below meni 10px",
                "meta" : [ {
                  "from" : {
                    "object" : "sadrzaj",
                    "edge" : "top"
                  },
                  "to" : {
                    "object" : "meni",
                    "edge" : "bottom"
                  },
                  "expectedDistance" : "10px",
                  "realDistance" : "10px"
                } ],
                "highlight" : [ "sadrzaj", "meni" ]
              } ]
            }, {
              "name" : "tabelaSala",
              "specs" : [ {
                "status" : "info",
                "place" : {
                  "filePath" : "mobileSale.gspec",
                  "lineNumber" : 33
                },
                "name" : "inside sadrzaj",
                "meta" : [ ],
                "highlight" : [ "tabelaSala", "sadrzaj" ]
              }, {
                "status" : "info",
                "place" : {
                  "filePath" : "mobileSale.gspec",
                  "lineNumber" : 34
                },
                "name" : "centered horizontally inside sadrzaj",
                "highlight" : [ "tabelaSala", "sadrzaj" ]
              }, {
                "status" : "info",
                "place" : {
                  "filePath" : "mobileSale.gspec",
                  "lineNumber" : 35
                },
                "name" : "below meni 10px",
                "meta" : [ {
                  "from" : {
                    "object" : "tabelaSala",
                    "edge" : "top"
                  },
                  "to" : {
                    "object" : "meni",
                    "edge" : "bottom"
                  },
                  "expectedDistance" : "10px",
                  "realDistance" : "10px"
                } ],
                "highlight" : [ "tabelaSala", "meni" ]
              }, {
                "status" : "info",
                "place" : {
                  "filePath" : "mobileSale.gspec",
                  "lineNumber" : 36
                },
                "name" : "contains sala, kancelarija, slobodnaSala, zauzetaSala",
                "highlight" : [ "tabelaSala", "sala", "kancelarija", "slobodnaSala", "zauzetaSala" ]
              } ]
            }, {
              "name" : "zauzetaSala",
              "specs" : [ {
                "status" : "info",
                "place" : {
                  "filePath" : "mobileSale.gspec",
                  "lineNumber" : 38
                },
                "name" : "inside tabelaSala",
                "meta" : [ ],
                "highlight" : [ "zauzetaSala", "tabelaSala" ]
              }, {
                "status" : "info",
                "place" : {
                  "filePath" : "mobileSale.gspec",
                  "lineNumber" : 39
                },
                "name" : "css background-color is \"rgb(255, 165, 0)\"",
                "highlight" : [ "zauzetaSala" ]
              } ]
            }, {
              "name" : "slobodnaSala",
              "specs" : [ {
                "status" : "info",
                "place" : {
                  "filePath" : "mobileSale.gspec",
                  "lineNumber" : 41
                },
                "name" : "inside tabelaSala",
                "meta" : [ ],
                "highlight" : [ "slobodnaSala", "tabelaSala" ]
              }, {
                "status" : "info",
                "place" : {
                  "filePath" : "mobileSale.gspec",
                  "lineNumber" : 42
                },
                "name" : "css background-color is \"rgb(0, 128, 0)\"",
                "highlight" : [ "slobodnaSala" ]
              } ]
            }, {
              "name" : "sala",
              "specs" : [ {
                "status" : "info",
                "place" : {
                  "filePath" : "mobileSale.gspec",
                  "lineNumber" : 44
                },
                "name" : "inside tabelaSala",
                "meta" : [ ],
                "highlight" : [ "sala", "tabelaSala" ]
              }, {
                "status" : "info",
                "place" : {
                  "filePath" : "mobileSale.gspec",
                  "lineNumber" : 45
                },
                "name" : "css background-color is \"rgb(255, 255, 255)\"",
                "highlight" : [ "sala" ]
              } ]
            }, {
              "name" : "kancelarija",
              "specs" : [ {
                "status" : "info",
                "place" : {
                  "filePath" : "mobileSale.gspec",
                  "lineNumber" : 47
                },
                "name" : "inside tabelaSala",
                "meta" : [ ],
                "highlight" : [ "kancelarija", "tabelaSala" ]
              }, {
                "status" : "info",
                "place" : {
                  "filePath" : "mobileSale.gspec",
                  "lineNumber" : 48
                },
                "name" : "css background-color is \"rgb(128, 128, 128)\"",
                "highlight" : [ "kancelarija" ]
              } ]
            }, {
              "name" : "headerRedni",
              "specs" : [ {
                "status" : "info",
                "place" : {
                  "filePath" : "mobileSale.gspec",
                  "lineNumber" : 50
                },
                "name" : "absent",
                "highlight" : [ ]
              } ]
            }, {
              "name" : "headerSprat",
              "specs" : [ {
                "status" : "info",
                "place" : {
                  "filePath" : "mobileSale.gspec",
                  "lineNumber" : 52
                },
                "name" : "absent",
                "highlight" : [ ]
              } ]
            } ]
          } ],
          "objects" : {
            "meni" : {
              "area" : [ 0, 60, 571, 200 ]
            },
            "a" : {
              "area" : [ 247, 120, 75, 28 ]
            },
            "zauzetaSala" : {
              "area" : [ 340, 331, 34, 41 ]
            },
            "sala" : {
              "area" : [ 196, 288, 34, 41 ]
            },
            "screen" : {
              "area" : [ 0, 0, 571, 789 ]
            },
            "logo" : {
              "area" : [ 235, 10, 100, 100 ]
            },
            "li" : {
              "area" : [ 0, 120, 571, 28 ]
            },
            "sadrzaj" : {
              "area" : [ 0, 270, 571, 519 ]
            },
            "kancelarija" : {
              "area" : [ 232, 589, 34, 41 ]
            },
            "tabelaSala" : {
              "area" : [ 194, 270, 182, 405 ]
            },
            "slobodnaSala" : {
              "area" : [ 340, 288, 34, 41 ]
            }
          },
          "screenshot" : "layout-1-screenshot.png",
          "type" : "layout"
        } ],
        "time" : 1573661675127,
        "type" : "node"
      } ],
      "time" : 1573661669261,
      "type" : "node"
    } ]
  }
}