{
  "testId" : "1-pocetna.gspec",
  "name" : "pocetna.gspec",
  "report" : {
    "nodes" : [ {
      "name" : "Simple check",
      "status" : "info",
      "nodes" : [ {
        "name" : "check  pocetna.gspec --url http://localhost/pocetna.html --size 600x400 --htmlreport izvjestaji",
        "status" : "info",
        "nodes" : [ {
          "name" : "Check layout: pocetna.gspec included tags: ",
          "status" : "info",
          "time" : 1573673849461,
          "sections" : [ {
            "name" : "Header section",
            "place" : {
              "filePath" : "pocetna.gspec",
              "lineNumber" : 11
            },
            "objects" : [ {
              "name" : "meni",
              "specs" : [ {
                "status" : "info",
                "place" : {
                  "filePath" : "pocetna.gspec",
                  "lineNumber" : 13
                },
                "name" : "contains lista",
                "highlight" : [ "meni", "lista" ]
              } ]
            }, {
              "name" : "lista",
              "specs" : [ {
                "status" : "info",
                "place" : {
                  "filePath" : "pocetna.gspec",
                  "lineNumber" : 15
                },
                "name" : "css vertical-align is \"bottom\"",
                "highlight" : [ "lista" ]
              } ]
            }, {
              "name" : "lista-element-1",
              "specs" : [ {
                "status" : "info",
                "place" : {
                  "filePath" : "pocetna.gspec",
                  "lineNumber" : 17
                },
                "name" : "text contains \"Po�?etna\"",
                "highlight" : [ "lista-element-1" ]
              }, {
                "status" : "info",
                "place" : {
                  "filePath" : "pocetna.gspec",
                  "lineNumber" : 18
                },
                "name" : "above lista-element-2",
                "meta" : [ {
                  "from" : {
                    "object" : "lista-element-1",
                    "edge" : "bottom"
                  },
                  "to" : {
                    "object" : "lista-element-2",
                    "edge" : "top"
                  },
                  "expectedDistance" : ">= 0px",
                  "realDistance" : "6px"
                } ],
                "highlight" : [ "lista-element-1", "lista-element-2" ]
              }, {
                "status" : "info",
                "place" : {
                  "filePath" : "pocetna.gspec",
                  "lineNumber" : 19
                },
                "name" : "css text-decoration-line is \"none\"",
                "highlight" : [ "lista-element-1" ]
              } ]
            }, {
              "name" : "lista-element-2",
              "specs" : [ {
                "status" : "info",
                "place" : {
                  "filePath" : "pocetna.gspec",
                  "lineNumber" : 21
                },
                "name" : "text contains \"Sale\"",
                "highlight" : [ "lista-element-2" ]
              }, {
                "status" : "info",
                "place" : {
                  "filePath" : "pocetna.gspec",
                  "lineNumber" : 22
                },
                "name" : "above lista-element-3",
                "meta" : [ {
                  "from" : {
                    "object" : "lista-element-2",
                    "edge" : "bottom"
                  },
                  "to" : {
                    "object" : "lista-element-3",
                    "edge" : "top"
                  },
                  "expectedDistance" : ">= 0px",
                  "realDistance" : "6px"
                } ],
                "highlight" : [ "lista-element-2", "lista-element-3" ]
              } ]
            }, {
              "name" : "lista-element-3",
              "specs" : [ {
                "status" : "info",
                "place" : {
                  "filePath" : "pocetna.gspec",
                  "lineNumber" : 24
                },
                "name" : "text contains \"Unos\"",
                "highlight" : [ "lista-element-3" ]
              }, {
                "status" : "info",
                "place" : {
                  "filePath" : "pocetna.gspec",
                  "lineNumber" : 25
                },
                "name" : "above lista-element-4",
                "meta" : [ {
                  "from" : {
                    "object" : "lista-element-3",
                    "edge" : "bottom"
                  },
                  "to" : {
                    "object" : "lista-element-4",
                    "edge" : "top"
                  },
                  "expectedDistance" : ">= 0px",
                  "realDistance" : "5px"
                } ],
                "highlight" : [ "lista-element-3", "lista-element-4" ]
              } ]
            }, {
              "name" : "lista-element-4",
              "specs" : [ {
                "status" : "info",
                "place" : {
                  "filePath" : "pocetna.gspec",
                  "lineNumber" : 27
                },
                "name" : "text contains \"Rezervacije\"",
                "highlight" : [ "lista-element-4" ]
              }, {
                "status" : "info",
                "place" : {
                  "filePath" : "pocetna.gspec",
                  "lineNumber" : 28
                },
                "name" : "above lista-element-5",
                "meta" : [ {
                  "from" : {
                    "object" : "lista-element-4",
                    "edge" : "bottom"
                  },
                  "to" : {
                    "object" : "lista-element-5",
                    "edge" : "top"
                  },
                  "expectedDistance" : ">= 0px",
                  "realDistance" : "6px"
                } ],
                "highlight" : [ "lista-element-4", "lista-element-5" ]
              } ]
            }, {
              "name" : "lista-element-5",
              "specs" : [ {
                "status" : "info",
                "place" : {
                  "filePath" : "pocetna.gspec",
                  "lineNumber" : 30
                },
                "name" : "text contains \"Osobe\"",
                "highlight" : [ "lista-element-5" ]
              } ]
            } ]
          }, {
            "name" : "Main section",
            "place" : {
              "filePath" : "pocetna.gspec",
              "lineNumber" : 32
            },
            "objects" : [ {
              "name" : "frame",
              "specs" : [ {
                "status" : "info",
                "place" : {
                  "filePath" : "pocetna.gspec",
                  "lineNumber" : 34
                },
                "name" : "width 20 to480 % of screen/width",
                "meta" : [ {
                  "from" : {
                    "object" : "frame",
                    "edge" : "left"
                  },
                  "to" : {
                    "object" : "frame",
                    "edge" : "right"
                  },
                  "expectedDistance" : "20 to 480% [114 to 2745px]",
                  "realDistance" : "34% [200px]"
                } ],
                "highlight" : [ "frame" ]
              } ]
            }, {
              "name" : "slika",
              "specs" : [ {
                "status" : "info",
                "place" : {
                  "filePath" : "pocetna.gspec",
                  "lineNumber" : 36
                },
                "name" : "width 175px",
                "meta" : [ {
                  "from" : {
                    "object" : "slika",
                    "edge" : "left"
                  },
                  "to" : {
                    "object" : "slika",
                    "edge" : "right"
                  },
                  "expectedDistance" : "175px",
                  "realDistance" : "175px"
                } ],
                "highlight" : [ "slika" ]
              }, {
                "status" : "info",
                "place" : {
                  "filePath" : "pocetna.gspec",
                  "lineNumber" : 37
                },
                "name" : "height 175px",
                "meta" : [ {
                  "from" : {
                    "object" : "slika",
                    "edge" : "top"
                  },
                  "to" : {
                    "object" : "slika",
                    "edge" : "bottom"
                  },
                  "expectedDistance" : "175px",
                  "realDistance" : "175px"
                } ],
                "highlight" : [ "slika" ]
              } ]
            } ]
          } ],
          "objects" : {
            "meni" : {
              "area" : [ 186, 42, 200, 130 ]
            },
            "lista" : {
              "area" : [ 196, 52, 83, 114 ]
            },
            "lista-element-5" : {
              "area" : [ 201, 144, 73, 16 ]
            },
            "slika" : {
              "area" : [ 196, 187, 175, 175 ]
            },
            "lista-element-4" : {
              "area" : [ 201, 122, 73, 16 ]
            },
            "lista-element-3" : {
              "area" : [ 201, 101, 73, 16 ]
            },
            "lista-element-2" : {
              "area" : [ 201, 79, 73, 16 ]
            },
            "lista-element-1" : {
              "area" : [ 201, 57, 73, 16 ]
            },
            "frame" : {
              "area" : [ 186, 42, 200, 1950 ]
            }
          },
          "screenshot" : "layout-1-screenshot.png",
          "type" : "layout"
        } ],
        "time" : 1573673847459,
        "type" : "node"
      } ],
      "time" : 1573673843240,
      "type" : "node"
    } ]
  }
}