{"periodicna":[{"dan":0,"semestar":"zimski","pocetak":"12:00","kraj":"14:00","naziv":"MA","predavac":"Vensada Okanović"},{"dan":1,"semestar":"ljetni","pocetak":"12:00","kraj":"14:00","naziv":"MA","predavac":"Vensada Okanović"},{"dan":4,"semestar":"zimski","pocetak":"12:00","kraj":"14:00","naziv":"MA","predavac":"Vensada Okanović"}],"vanredna":[{"datum":"10.12.2019","pocetak":"12:00","kraj":"14:00","naziv":"VA1","predavac":"Željko Jurić"},{"datum":"1.1.2019","pocetak":"12:00","kraj":"14:00","naziv":"VA1","predavac":"Željko Jurić"},{"datum":"5.11.2019","pocetak":"12:00","kraj":"14:00","naziv":"VA1","predavac":"Željko Jurić"},{"datum":"2.1.2020","pocetak":"12:00","kraj":"14:00","naziv":"1-01","predavac":""},{"datum":"3.1.2020","pocetak":"12:00","kraj":"14:00","naziv":"1-01","predavac":""},{"datum":"1.1.2020","pocetak":"15:00","kraj":"16:00","naziv":"1-01","predavac":""},{"datum":"4.1.2020","pocetak":"12:00","kraj":"13:00","naziv":"1-01","predavac":""},{"datum":"1.1.2020","pocetak":"11:00","kraj":"14:00","naziv":"1-01","predavac":""},{"datum":"31.1.2020","pocetak":"12:00","kraj":"15:00","naziv":"1-01","predavac":""},{"datum":"2.1.2020","pocetak":"15:15","kraj":"16:16","naziv":"1-01","predavac":""},{"datum":"3.1.2020","pocetak":"15:15","kraj":"16:16","naziv":"1-01","predavac":""},{"datum":"5.1.2020","pocetak":"12:12","kraj":"12:12","naziv":"1-01","predavac":""},{"datum":"10.1.2020","pocetak":"12:12","kraj":"11:11","naziv":"1-01","predavac":""},{"datum":"11.1.2020","pocetak":"12:12","kraj":"11:11","naziv":"1-01","predavac":""}]}